{"1": [255.0, 255.0, 255.0], "2": [210.63, 255.0, 255.0], "3": [187.17, 149.17499999999998, 255.0], "4": [224.655, 255.0, 0.0], "5": [255.0, 175.695, 116.025], "6": [157.59, 157.59, 157.59], "7": [6.63, 84.915, 255.0], "8": [255.0, 44.879999999999995, 44.879999999999995], "9": [116.28, 251.17499999999998, 135.405], "10": [174.675, 224.145, 250.155], "11": [170.595, 105.57, 248.37], "12": [120.10499999999999, 255.0, 127.5], "13": [197.625, 185.13, 185.13], "14": [128.01, 178.5, 178.5], "15": [255.0, 166.005, 0.0], "16": [255.0, 255.0, 74.97], "17": [15.555, 247.605, 79.30499999999999], "18": [128.01, 206.55, 240.975], "19": [131.07, 57.63, 216.495], "20": [81.345, 255.0, 102.0], "21": [229.755, 229.755, 229.755], "22": [172.125, 199.155, 210.11999999999998], "23": [147.135, 147.135, 187.68], "24": [120.10499999999999, 178.5, 226.95000000000002], "25": [180.03, 111.94500000000001, 226.95000000000002], "26": [239.445, 102.0, 127.5], "27": [222.105, 148.665, 207.57], "28": [91.035, 215.22, 116.53500000000001], "29": [210.375, 128.01, 89.505], "30": [113.47500000000001, 140.50500000000002, 198.645], "31": [207.57, 148.155, 135.66], "32": [115.00500000000001, 173.655, 148.155], "33": [196.60500000000002, 115.00500000000001, 215.475], "34": [255.0, 182.57999999999998, 0.0], "35": [185.13, 46.155, 71.655], "36": [97.155, 194.055, 232.05], "37": [107.1, 48.45, 189.975], "38": [0.0, 255.0, 76.5], "39": [124.95, 255.0, 255.0], "40": [124.95, 213.945, 213.945], "41": [108.63, 173.655, 202.47], "42": [67.575, 192.525, 218.025], "43": [55.08, 155.54999999999998, 181.04999999999998], "44": [43.605000000000004, 122.655, 173.655], "45": [30.599999999999998, 113.47500000000001, 134.13], "46": [51.0, 103.53, 130.56], "47": [198.13500000000002, 198.13500000000002, 198.13500000000002], "48": [255.0, 223.38, 135.66], "49": [185.13, 109.64999999999999, 121.63499999999999], "50": [102.0, 140.50500000000002, 128.01], "51": [155.54999999999998, 100.47, 192.525], "52": [233.58, 124.95, 0.0], "53": [150.45, 0.0, 175.95], "54": [71.4, 155.54999999999998, 202.72500000000002], "55": [69.105, 11.475, 148.155], "56": [0.0, 202.47, 51.0], "57": [107.1, 208.07999999999998, 255.0], "58": [255.0, 255.0, 201.45000000000002], "59": [223.38, 255.0, 201.45000000000002], "60": [201.45000000000002, 255.0, 201.45000000000002], "61": [158.1, 255.0, 201.45000000000002], "62": [122.655, 255.0, 201.45000000000002], "63": [73.94999999999999, 255.0, 201.45000000000002], "64": [34.68, 255.0, 201.45000000000002], "65": [23.97, 255.0, 175.95], "66": [15.555, 255.0, 150.45], "67": [0.0, 255.0, 103.53], "68": [0.0, 217.005, 109.64999999999999], "69": [0.0, 208.07999999999998, 117.555], "70": [0.0, 197.625, 130.05], "71": [0.0, 162.18, 120.10499999999999], "72": [64.005, 173.655, 255.0], "73": [64.005, 134.13, 255.0], "74": [16.575, 124.95, 234.60000000000002], "75": [44.625, 113.47500000000001, 187.68], "76": [44.625, 76.5, 176.97], "77": [36.974999999999994, 42.075, 169.57500000000002], "78": [237.405, 233.32500000000002, 199.155], "79": [229.5, 232.05, 41.055], "80": [175.695, 192.525, 199.155], "81": [185.13, 93.075, 64.005], "82": [94.605, 95.625, 99.45], "83": [181.04999999999998, 65.025, 192.525], "84": [187.68, 97.155, 0.0], "85": [135.15, 65.025, 85.68], "86": [84.15, 141.525, 176.97], "87": [84.15, 0.0, 153.0], "88": [0.0, 138.97500000000002, 51.0], "89": [107.1, 162.18, 252.45], "90": [0.0, 177.98999999999998, 255.0], "91": [0.0, 157.07999999999998, 255.0], "92": [0.0, 122.655, 255.0], "93": [0.0, 115.00500000000001, 229.5], "94": [0.0, 79.05, 229.5], "95": [67.575, 71.655, 248.625], "96": [111.17999999999999, 71.655, 240.975], "97": [145.095, 39.525, 240.975], "98": [182.57999999999998, 27.029999999999998, 233.58], "99": [217.005, 15.555, 208.07999999999998], "100": [217.005, 15.555, 169.57500000000002], "101": [217.005, 6.63, 134.13], "102": [222.105, 6.63, 93.075], "103": [252.45, 0.0, 51.0], "104": [229.5, 25.5, 44.625], "105": [232.05, 51.0, 39.525], "106": [236.13000000000002, 76.5, 34.68], "107": [239.445, 102.0, 28.05], "108": [242.505, 127.5, 22.95], "109": [245.05499999999998, 127.5, 44.625], "110": [247.605, 127.5, 66.555], "111": [250.155, 127.5, 87.975], "112": [252.45, 127.5, 109.64999999999999], "113": [255.0, 127.5, 131.58], "114": [255.0, 127.5, 127.5], "115": [255.0, 131.58, 127.5], "116": [255.0, 135.15, 127.5], "117": [255.0, 138.97500000000002, 127.5], "118": [255.0, 143.055, 127.5]}